{"cameraMode":{"drawMode":0,"name":"Shaded","section":"Shading Mode"},"sceneLighting":true,"audioPlay":false,"sceneViewState":{"m_AlwaysRefresh":false,"showFog":true,"showSkybox":true,"showFlares":true,"showImageEffects":true,"showParticleSystems":true,"showVisualEffectGraphs":true,"m_FxEnabled":true},"in2DMode":false,"pivot":{"x":-482.7740783691406,"y":58.62892532348633,"z":-216.79220581054688},"rotation":{"x":0.019282899796962739,"y":-0.7232003808021545,"z":0.020157083868980409,"w":0.6900984048843384},"size":1001.3087158203125,"orthographic":true}