{"cameraMode":{"drawMode":0,"name":"Shaded","section":"Shading Mode"},"sceneLighting":true,"audioPlay":false,"sceneViewState":{"m_AlwaysRefresh":false,"showFog":true,"showSkybox":true,"showFlares":true,"showImageEffects":true,"showParticleSystems":true,"showVisualEffectGraphs":true,"m_FxEnabled":true},"in2DMode":false,"pivot":{"x":45.85905838012695,"y":86.63579559326172,"z":-117.51226043701172},"rotation":{"x":0.050252869725227359,"y":-0.24786017835140229,"z":0.012872626073658467,"w":0.9674145579338074},"size":44.71482849121094,"orthographic":true}